{
  "timestamp": "2025-02-26T18:04:27.333171",
  "total_execution_time": 14.335302352905273,
  "agents": {
    "f6i4ZjJOEtNs5bVu": {
      "name": "Random-clicker",
      "score_statistics": {
        "count": 10,
        "mean": 0.0,
        "median": 0.0,
        "min": 0.0,
        "max": 0.0,
        "stdev": 0.0
      },
      "avg_solution_time": 4.3344497680664065e-05,
      "avg_evaluation_time": 1.3985225439071656,
      "tasks": {
        "41b0f865-d1f1-47bb-8ab7-9572dea9ca4a": {
          "score": 0.0,
          "solution_time": 0.00011348724365234375,
          "evaluation_time": 1.436824083328247
        },
        "4b6b37f4-b6c1-4a92-aa2c-74a6215fafec": {
          "score": 0.0,
          "solution_time": 4.267692565917969e-05,
          "evaluation_time": 1.4102234840393066
        },
        "484578e0-1edc-4380-a6f8-48bb58115c92": {
          "score": 0.0,
          "solution_time": 3.3855438232421875e-05,
          "evaluation_time": 1.3224217891693115
        },
        "5c5ad44f-ae7c-4f07-89f6-91945898f13b": {
          "score": 0.0,
          "solution_time": 5.245208740234375e-05,
          "evaluation_time": 1.4360477924346924
        },
        "d55884d9-003b-4ed8-8a9d-0e29eb89ca3f": {
          "score": 0.0,
          "solution_time": 3.552436828613281e-05,
          "evaluation_time": 1.2905845642089844
        },
        "d2d39cad-1fc8-49da-bd27-db263d2235ff": {
          "score": 0.0,
          "solution_time": 3.075599670410156e-05,
          "evaluation_time": 1.2494122982025146
        },
        "832df99b-8d65-4f8e-968c-abf3e9552f61": {
          "score": 0.0,
          "solution_time": 3.123283386230469e-05,
          "evaluation_time": 1.3548331260681152
        },
        "e25d86ee-3fad-4b5f-b19c-958b61062672": {
          "score": 0.0,
          "solution_time": 3.147125244140625e-05,
          "evaluation_time": 1.3853363990783691
        },
        "b4531a35-b274-4c0d-9cc4-0c45330628ae": {
          "score": 0.0,
          "solution_time": 3.0994415283203125e-05,
          "evaluation_time": 1.418076515197754
        },
        "406ab065-2f45-44e2-a5ff-b133ff960408": {
          "score": 0.0,
          "solution_time": 3.0994415283203125e-05,
          "evaluation_time": 1.6814653873443604
        }
      }
    },
    "wC6AAWBv4sl2JZXC": {
      "name": "browser-use",
      "score_statistics": {
        "count": 10,
        "mean": 0.0,
        "median": 0.0,
        "min": 0.0,
        "max": 0.0,
        "stdev": 0.0
      },
      "avg_solution_time": 0.0022134304046630858,
      "avg_evaluation_time": 0.012980461120605469,
      "tasks": {
        "41b0f865-d1f1-47bb-8ab7-9572dea9ca4a": {
          "score": 0.0,
          "solution_time": 0.007338762283325195,
          "evaluation_time": 0.012538671493530273
        },
        "4b6b37f4-b6c1-4a92-aa2c-74a6215fafec": {
          "score": 0.0,
          "solution_time": 0.0016102790832519531,
          "evaluation_time": 0.014775991439819336
        },
        "484578e0-1edc-4380-a6f8-48bb58115c92": {
          "score": 0.0,
          "solution_time": 0.0014047622680664062,
          "evaluation_time": 0.014206886291503906
        },
        "5c5ad44f-ae7c-4f07-89f6-91945898f13b": {
          "score": 0.0,
          "solution_time": 0.0016427040100097656,
          "evaluation_time": 0.013000965118408203
        },
        "d55884d9-003b-4ed8-8a9d-0e29eb89ca3f": {
          "score": 0.0,
          "solution_time": 0.0016322135925292969,
          "evaluation_time": 0.012438535690307617
        },
        "d2d39cad-1fc8-49da-bd27-db263d2235ff": {
          "score": 0.0,
          "solution_time": 0.0011415481567382812,
          "evaluation_time": 0.013831377029418945
        },
        "832df99b-8d65-4f8e-968c-abf3e9552f61": {
          "score": 0.0,
          "solution_time": 0.0015671253204345703,
          "evaluation_time": 0.013466596603393555
        },
        "e25d86ee-3fad-4b5f-b19c-958b61062672": {
          "score": 0.0,
          "solution_time": 0.0018224716186523438,
          "evaluation_time": 0.01241302490234375
        },
        "b4531a35-b274-4c0d-9cc4-0c45330628ae": {
          "score": 0.0,
          "solution_time": 0.0024023056030273438,
          "evaluation_time": 0.011304140090942383
        },
        "406ab065-2f45-44e2-a5ff-b133ff960408": {
          "score": 0.0,
          "solution_time": 0.0015721321105957031,
          "evaluation_time": 0.011828422546386719
        }
      }
    }
  }
}