{
  "timestamp": "2025-02-26T14:28:36.291606",
  "total_execution_time": 49.880072832107544,
  "agents": {
    "DKJ7oHWRYtP0kP7r": {
      "name": "Random-clicker",
      "score_statistics": {
        "count": 1,
        "mean": 0.0,
        "median": 0.0,
        "min": 0.0,
        "max": 0.0,
        "stdev": 0.0
      },
      "avg_solution_time": 0.00010514259338378906,
      "avg_evaluation_time": 0.21477436065673827,
      "tasks": {
        "41b0f865-d1f1-47bb-8ab7-9572dea9ca4a": {
          "score": 0.0,
          "solution_time": 0.00010514259338378906,
          "evaluation_time": 0.21477436065673827
        }
      }
    },
    "hQucdenELZHtMUM5": {
      "name": "browser-use",
      "score_statistics": {
        "count": 1,
        "mean": 1.0,
        "median": 1.0,
        "min": 1.0,
        "max": 1.0,
        "stdev": 0.0
      },
      "avg_solution_time": 13.151476621627808,
      "avg_evaluation_time": 0.5167178106307984,
      "tasks": {
        "41b0f865-d1f1-47bb-8ab7-9572dea9ca4a": {
          "score": 1.0,
          "solution_time": 13.151476621627808,
          "evaluation_time": 0.5167178106307984
        }
      }
    }
  }
}