{
  "timestamp": "2025-02-28T11:45:16.951569",
  "total_execution_time": 123.32506060600281,
  "agents": {
    "nNrCsFUCVGMOc5D3": {
      "name": "Random-clicker",
      "score_statistics": {
        "count": 1,
        "mean": 0.0,
        "median": 0.0,
        "min": 0.0,
        "max": 0.0,
        "stdev": 0.0
      },
      "avg_solution_time": 0.0007967539131641388,
      "avg_evaluation_time": 2.4219608360435814,
      "tasks": {
        "6e3e7ac2-9b32-4af9-b9d2-100ed4ba5a3c": {
          "score": 0.0,
          "solution_time": 0.0007967539131641388,
          "evaluation_time": 2.4219608360435814,
          "has_cached_solution": false
        }
      }
    },
    "akSXqcOJ4DoV2o0F": {
      "name": "browser-use",
      "score_statistics": {
        "count": 1,
        "mean": 0.0,
        "median": 0.0,
        "min": 0.0,
        "max": 0.0,
        "stdev": 0.0
      },
      "avg_solution_time": 120.52675834600814,
      "avg_evaluation_time": 0.004089206922799349,
      "tasks": {
        "6e3e7ac2-9b32-4af9-b9d2-100ed4ba5a3c": {
          "score": 0.0,
          "solution_time": 120.52675834600814,
          "evaluation_time": 0.004089206922799349,
          "has_cached_solution": true
        }
      }
    }
  }
}