{
  "timestamp": "2025-02-26T13:46:07.367583",
  "total_execution_time": 23.740761756896973,
  "agents": {
    "dkS8nB4eBbOkoahW": {
      "name": "Random-clicker",
      "score_statistics": {
        "count": 1,
        "mean": 0.0,
        "median": 0.0,
        "min": 0.0,
        "max": 0.0,
        "stdev": 0.0
      },
      "avg_solution_time": 0.00012969970703125,
      "avg_evaluation_time": 0.7092736244201661,
      "tasks": {
        "41b0f865-d1f1-47bb-8ab7-9572dea9ca4a": {
          "score": 0.0,
          "solution_time": 0.00012969970703125,
          "evaluation_time": 0.7092736244201661
        }
      }
    },
    "5r7s8pAiqzjITpHE": {
      "name": "browser-use",
      "score_statistics": {
        "count": 1,
        "mean": 1.0,
        "median": 1.0,
        "min": 1.0,
        "max": 1.0,
        "stdev": 0.0
      },
      "avg_solution_time": 11.524213552474976,
      "avg_evaluation_time": 1.6979091167449951,
      "tasks": {
        "41b0f865-d1f1-47bb-8ab7-9572dea9ca4a": {
          "score": 1.0,
          "solution_time": 11.524213552474976,
          "evaluation_time": 1.6979091167449951
        }
      }
    }
  }
}