{
  "timestamp": "2025-02-26T14:03:00.374383",
  "total_execution_time": 2.4043402671813965,
  "agents": {
    "OblLwmbn2m3FJ6FX": {
      "name": "Random-clicker",
      "score_statistics": {
        "count": 1,
        "mean": 0.0,
        "median": 0.0,
        "min": 0.0,
        "max": 0.0,
        "stdev": 0.0
      },
      "avg_solution_time": 0.00011277198791503906,
      "avg_evaluation_time": 0.44071307182312014,
      "tasks": {
        "41b0f865-d1f1-47bb-8ab7-9572dea9ca4a": {
          "score": 0.0,
          "solution_time": 0.00011277198791503906,
          "evaluation_time": 0.44071307182312014
        }
      }
    },
    "8rknWvs9kYPOElnY": {
      "name": "browser-use",
      "score_statistics": {
        "count": 1,
        "mean": 0.0,
        "median": 0.0,
        "min": 0.0,
        "max": 0.0,
        "stdev": 0.0
      },
      "avg_solution_time": 0.006445407867431641,
      "avg_evaluation_time": 0.0020904541015625,
      "tasks": {
        "41b0f865-d1f1-47bb-8ab7-9572dea9ca4a": {
          "score": 0.0,
          "solution_time": 0.006445407867431641,
          "evaluation_time": 0.0020904541015625
        }
      }
    }
  }
}