{
  "timestamp": "2025-02-26T16:51:09.055479",
  "total_execution_time": 142.75807547569275,
  "agents": {
    "YClPWE0aB9P7SPzG": {
      "name": "Random-clicker",
      "score_statistics": {
        "count": 3,
        "mean": 0.0,
        "median": 0.0,
        "min": 0.0,
        "max": 0.0,
        "stdev": 0.0
      },
      "avg_solution_time": 6.270408630371094e-05,
      "avg_evaluation_time": 1.258419672648112,
      "tasks": {
        "41b0f865-d1f1-47bb-8ab7-9572dea9ca4a": {
          "score": 0.0,
          "solution_time": 0.00011658668518066406,
          "evaluation_time": 1.2672791481018066
        },
        "4b6b37f4-b6c1-4a92-aa2c-74a6215fafec": {
          "score": 0.0,
          "solution_time": 4.0531158447265625e-05,
          "evaluation_time": 1.2180235385894775
        },
        "484578e0-1edc-4380-a6f8-48bb58115c92": {
          "score": 0.0,
          "solution_time": 3.0994415283203125e-05,
          "evaluation_time": 1.2899563312530518
        }
      }
    },
    "A4vzOs9pxpNl8GLa": {
      "name": "browser-use",
      "score_statistics": {
        "count": 3,
        "mean": 0.3333333333333333,
        "median": 0.0,
        "min": 0.0,
        "max": 1.0,
        "stdev": 0.5773502691896257
      },
      "avg_solution_time": 45.466717640558876,
      "avg_evaluation_time": 0.8088952700297037,
      "tasks": {
        "41b0f865-d1f1-47bb-8ab7-9572dea9ca4a": {
          "score": 1.0,
          "solution_time": 91.9001362323761,
          "evaluation_time": 2.4072747230529785
        },
        "4b6b37f4-b6c1-4a92-aa2c-74a6215fafec": {
          "score": 0.0,
          "solution_time": 44.49845051765442,
          "evaluation_time": 0.009408712387084961
        },
        "484578e0-1edc-4380-a6f8-48bb58115c92": {
          "score": 0.0,
          "solution_time": 0.001566171646118164,
          "evaluation_time": 0.010002374649047852
        }
      }
    }
  }
}