{
  "timestamp": "2025-02-28T13:55:27.442171",
  "total_execution_time": 150.1788558959961,
  "agents": {
    "6Iymlg1eskIs9nNJ": {
      "name": "Random-clicker",
      "score_statistics": {
        "count": 1,
        "mean": 0.0,
        "median": 0.0,
        "min": 0.0,
        "max": 0.0,
        "stdev": 0.0
      },
      "avg_solution_time": 0.00012803077697753906,
      "avg_evaluation_time": 1.5346779823303223,
      "tasks": {
        "af6fabc1-9b60-4a3e-8b7d-d75c6b36a1a3": {
          "score": 0.0,
          "solution_time": 0.00012803077697753906,
          "evaluation_time": 1.5346779823303223,
          "has_cached_solution": false
        }
      }
    },
    "qkrGQqUqQ4MGc2cJ": {
      "name": "browser-use",
      "score_statistics": {
        "count": 1,
        "mean": 0.0,
        "median": 0.0,
        "min": 0.0,
        "max": 0.0,
        "stdev": 0.0
      },
      "avg_solution_time": 82.09021639823914,
      "avg_evaluation_time": 10.976954936981201,
      "tasks": {
        "af6fabc1-9b60-4a3e-8b7d-d75c6b36a1a3": {
          "score": 0.0,
          "solution_time": 82.09021639823914,
          "evaluation_time": 10.976954936981201,
          "has_cached_solution": true
        }
      }
    }
  }
}