{
  "timestamp": "2025-02-28T12:03:41.469546",
  "total_execution_time": 40.89644956588745,
  "agents": {
    "6lJweeCxKY0Af8RS": {
      "name": "Random-clicker",
      "score_statistics": {
        "count": 1,
        "mean": 0.0,
        "median": 0.0,
        "min": 0.0,
        "max": 0.0,
        "stdev": 0.0
      },
      "avg_solution_time": 0.0001125335693359375,
      "avg_evaluation_time": 1.4880578517913818,
      "tasks": {
        "ab9baf72-e739-42cd-bc49-754641e66323": {
          "score": 0.0,
          "solution_time": 0.0001125335693359375,
          "evaluation_time": 1.4880578517913818,
          "has_cached_solution": false
        }
      }
    },
    "VsWdGUuMAxkujsDF": {
      "name": "browser-use",
      "score_statistics": {
        "count": 1,
        "mean": 1.0,
        "median": 1.0,
        "min": 1.0,
        "max": 1.0,
        "stdev": 0.0
      },
      "avg_solution_time": 22.21683144569397,
      "avg_evaluation_time": 4.096529483795166,
      "tasks": {
        "ab9baf72-e739-42cd-bc49-754641e66323": {
          "score": 1.0,
          "solution_time": 22.21683144569397,
          "evaluation_time": 4.096529483795166,
          "has_cached_solution": true
        }
      }
    }
  }
}