{
  "timestamp": "2025-02-28T11:56:59.733852",
  "total_execution_time": 26.901076793670654,
  "agents": {
    "Q9t6pryd1cZTmXyG": {
      "name": "Random-clicker",
      "score_statistics": {
        "count": 1,
        "mean": 0.0,
        "median": 0.0,
        "min": 0.0,
        "max": 0.0,
        "stdev": 0.0
      },
      "avg_solution_time": -1739383243.5289807,
      "avg_evaluation_time": 1.5134408671874553,
      "tasks": {
        "1f731d42-7b05-48c3-9939-bcabbf3aaed5": {
          "score": 0.0,
          "solution_time": -1739383243.5289807,
          "evaluation_time": 1.5134408671874553,
          "has_cached_solution": false
        }
      }
    },
    "71B5EfSIizpI8tzj": {
      "name": "browser-use",
      "score_statistics": {
        "count": 1,
        "mean": 1.0,
        "median": 1.0,
        "min": 1.0,
        "max": 1.0,
        "stdev": 0.0
      },
      "avg_solution_time": -1739383232.7201164,
      "avg_evaluation_time": 2.2588481390848756,
      "tasks": {
        "1f731d42-7b05-48c3-9939-bcabbf3aaed5": {
          "score": 1.0,
          "solution_time": -1739383232.7201164,
          "evaluation_time": 2.2588481390848756,
          "has_cached_solution": true
        }
      }
    }
  }
}