{
  "timestamp": "2025-02-26T16:47:52.462935",
  "total_execution_time": 37.91715908050537,
  "agents": {
    "l03sFl1QRRnmZgAz": {
      "name": "Random-clicker",
      "score_statistics": {
        "count": 3,
        "mean": 0.0,
        "median": 0.0,
        "min": 0.0,
        "max": 0.0,
        "stdev": 0.0
      },
      "avg_solution_time": 6.556510925292969e-05,
      "avg_evaluation_time": 1.3194595177968342,
      "tasks": {
        "41b0f865-d1f1-47bb-8ab7-9572dea9ca4a": {
          "score": 0.0,
          "solution_time": 0.00012111663818359375,
          "evaluation_time": 1.3139994144439697
        },
        "4b6b37f4-b6c1-4a92-aa2c-74a6215fafec": {
          "score": 0.0,
          "solution_time": 4.363059997558594e-05,
          "evaluation_time": 1.2922449111938477
        },
        "484578e0-1edc-4380-a6f8-48bb58115c92": {
          "score": 0.0,
          "solution_time": 3.1948089599609375e-05,
          "evaluation_time": 1.3521342277526855
        }
      }
    },
    "X1Adl9bj4V3sUhnd": {
      "name": "browser-use",
      "score_statistics": {
        "count": 3,
        "mean": 0.0,
        "median": 0.0,
        "min": 0.0,
        "max": 0.0,
        "stdev": 0.0
      },
      "avg_solution_time": 11.250942866007486,
      "avg_evaluation_time": 0.01063235600789388,
      "tasks": {
        "41b0f865-d1f1-47bb-8ab7-9572dea9ca4a": {
          "score": 0.0,
          "solution_time": 33.750667095184326,
          "evaluation_time": 0.010029077529907227
        },
        "4b6b37f4-b6c1-4a92-aa2c-74a6215fafec": {
          "score": 0.0,
          "solution_time": 0.0012979507446289062,
          "evaluation_time": 0.010438919067382812
        },
        "484578e0-1edc-4380-a6f8-48bb58115c92": {
          "score": 0.0,
          "solution_time": 0.0008635520935058594,
          "evaluation_time": 0.011429071426391602
        }
      }
    }
  }
}