{
  "timestamp": "2025-02-26T16:09:49.953900",
  "total_execution_time": 1.5900633335113525,
  "agents": {
    "NQWluB7pKjLVjO6l": {
      "name": "Random-clicker",
      "score_statistics": {
        "count": 1,
        "mean": 0.0,
        "median": 0.0,
        "min": 0.0,
        "max": 0.0,
        "stdev": 0.0
      },
      "avg_solution_time": 0.00012373924255371094,
      "avg_evaluation_time": 1.4020791053771973,
      "tasks": {
        "41b0f865-d1f1-47bb-8ab7-9572dea9ca4a": {
          "score": 0.0,
          "solution_time": 0.00012373924255371094,
          "evaluation_time": 1.4020791053771973
        }
      }
    },
    "K9YsETLMlU8e9WZe": {
      "name": "browser-use",
      "score_statistics": {
        "count": 1,
        "mean": 0.0,
        "median": 0.0,
        "min": 0.0,
        "max": 0.0,
        "stdev": 0.0
      },
      "avg_solution_time": 0.006509542465209961,
      "avg_evaluation_time": 0.009371519088745117,
      "tasks": {
        "41b0f865-d1f1-47bb-8ab7-9572dea9ca4a": {
          "score": 0.0,
          "solution_time": 0.006509542465209961,
          "evaluation_time": 0.009371519088745117
        }
      }
    }
  }
}