{
  "timestamp": "2025-02-28T12:26:36.697265",
  "total_execution_time": 37.80056118965149,
  "agents": {
    "MjhoVf1436rFTVcJ": {
      "name": "Random-clicker",
      "score_statistics": {
        "count": 1,
        "mean": 0.0,
        "median": 0.0,
        "min": 0.0,
        "max": 0.0,
        "stdev": 0.0
      },
      "avg_solution_time": 0.00014662742614746094,
      "avg_evaluation_time": 1.29304838180542,
      "tasks": {
        "dadc45cd-353e-4a68-839f-6018fb95c3d2": {
          "score": 0.0,
          "solution_time": 0.00014662742614746094,
          "evaluation_time": 1.29304838180542,
          "has_cached_solution": false
        }
      }
    },
    "VtQtIgURyVEaUJbq": {
      "name": "browser-use",
      "score_statistics": {
        "count": 1,
        "mean": 1.0,
        "median": 1.0,
        "min": 1.0,
        "max": 1.0,
        "stdev": 0.0
      },
      "avg_solution_time": 13.431513547897339,
      "avg_evaluation_time": 2.9621968269348145,
      "tasks": {
        "dadc45cd-353e-4a68-839f-6018fb95c3d2": {
          "score": 1.0,
          "solution_time": 13.431513547897339,
          "evaluation_time": 2.9621968269348145,
          "has_cached_solution": true
        }
      }
    }
  }
}