{
  "timestamp": "2025-02-26T17:56:11.793466",
  "total_execution_time": 178.53706240653992,
  "agents": {
    "qggFEARVKpBGcVCv": {
      "name": "Random-clicker",
      "score_statistics": {
        "count": 3,
        "mean": 0.0,
        "median": 0.0,
        "min": 0.0,
        "max": 0.0,
        "stdev": 0.0
      },
      "avg_solution_time": 8.630752563476562e-05,
      "avg_evaluation_time": 1.2873993714650471,
      "tasks": {
        "41b0f865-d1f1-47bb-8ab7-9572dea9ca4a": {
          "score": 0.0,
          "solution_time": 0.0001595020294189453,
          "evaluation_time": 1.3484678268432617
        },
        "4b6b37f4-b6c1-4a92-aa2c-74a6215fafec": {
          "score": 0.0,
          "solution_time": 5.745887756347656e-05,
          "evaluation_time": 1.19461989402771
        },
        "484578e0-1edc-4380-a6f8-48bb58115c92": {
          "score": 0.0,
          "solution_time": 4.1961669921875e-05,
          "evaluation_time": 1.31911039352417
        }
      }
    },
    "M6xbqppsyyBAjETs": {
      "name": "browser-use",
      "score_statistics": {
        "count": 3,
        "mean": 0.3333333333333333,
        "median": 0.0,
        "min": 0.0,
        "max": 1.0,
        "stdev": 0.5773502691896257
      },
      "avg_solution_time": 54.95652715365092,
      "avg_evaluation_time": 3.199547211329142,
      "tasks": {
        "41b0f865-d1f1-47bb-8ab7-9572dea9ca4a": {
          "score": 1.0,
          "solution_time": 13.015132665634155,
          "evaluation_time": 2.408653497695923
        },
        "4b6b37f4-b6c1-4a92-aa2c-74a6215fafec": {
          "score": 0.0,
          "solution_time": 100.89287757873535,
          "evaluation_time": 0.008491277694702148
        },
        "484578e0-1edc-4380-a6f8-48bb58115c92": {
          "score": 0.0,
          "solution_time": 50.96157121658325,
          "evaluation_time": 7.181496858596802
        }
      }
    }
  }
}