{
  "timestamp": "2025-02-26T14:36:02.738884",
  "total_execution_time": 82.4004738330841,
  "agents": {
    "VNnKBlud7B1gqyAi": {
      "name": "Random-clicker",
      "score_statistics": {
        "count": 1,
        "mean": 0.0,
        "median": 0.0,
        "min": 0.0,
        "max": 0.0,
        "stdev": 0.0
      },
      "avg_solution_time": 0.00010967254638671875,
      "avg_evaluation_time": 0.23839419364929199,
      "tasks": {
        "41b0f865-d1f1-47bb-8ab7-9572dea9ca4a": {
          "score": 0.0,
          "solution_time": 0.00010967254638671875,
          "evaluation_time": 0.23839419364929199
        }
      }
    },
    "3tJ7pewQST3qZtDy": {
      "name": "browser-use",
      "score_statistics": {
        "count": 1,
        "mean": 1.0,
        "median": 1.0,
        "min": 1.0,
        "max": 1.0,
        "stdev": 0.0
      },
      "avg_solution_time": 10.743630170822144,
      "avg_evaluation_time": 0.47661603689193727,
      "tasks": {
        "41b0f865-d1f1-47bb-8ab7-9572dea9ca4a": {
          "score": 1.0,
          "solution_time": 10.743630170822144,
          "evaluation_time": 0.47661603689193727
        }
      }
    }
  }
}