{
  "timestamp": "2025-02-26T16:37:12.528573",
  "total_execution_time": 125.0985517501831,
  "agents": {
    "fTyKMYwCXrCviS5U": {
      "name": "Random-clicker",
      "score_statistics": {
        "count": 3,
        "mean": 0.0,
        "median": 0.0,
        "min": 0.0,
        "max": 0.0,
        "stdev": 0.0
      },
      "avg_solution_time": 8.96453857421875e-05,
      "avg_evaluation_time": 1.265913486480713,
      "tasks": {
        "41b0f865-d1f1-47bb-8ab7-9572dea9ca4a": {
          "score": 0.0,
          "solution_time": 0.0001373291015625,
          "evaluation_time": 1.2819619178771973
        },
        "4b6b37f4-b6c1-4a92-aa2c-74a6215fafec": {
          "score": 0.0,
          "solution_time": 6.604194641113281e-05,
          "evaluation_time": 1.2650146484375
        },
        "484578e0-1edc-4380-a6f8-48bb58115c92": {
          "score": 0.0,
          "solution_time": 6.556510925292969e-05,
          "evaluation_time": 1.2507638931274414
        }
      }
    },
    "UPMiLaDahACIAqDn": {
      "name": "browser-use",
      "score_statistics": {
        "count": 3,
        "mean": 0.0,
        "median": 0.0,
        "min": 0.0,
        "max": 0.0,
        "stdev": 0.0
      },
      "avg_solution_time": 40.37239591280619,
      "avg_evaluation_time": 0.008992513020833334,
      "tasks": {
        "41b0f865-d1f1-47bb-8ab7-9572dea9ca4a": {
          "score": 0.0,
          "solution_time": 100.86255955696106,
          "evaluation_time": 0.008154153823852539
        },
        "4b6b37f4-b6c1-4a92-aa2c-74a6215fafec": {
          "score": 0.0,
          "solution_time": 20.252262592315674,
          "evaluation_time": 0.009256362915039062
        },
        "484578e0-1edc-4380-a6f8-48bb58115c92": {
          "score": 0.0,
          "solution_time": 0.002365589141845703,
          "evaluation_time": 0.009567022323608398
        }
      }
    }
  }
}