{
  "timestamp": "2025-02-28T10:26:12.038221",
  "total_execution_time": 503.884117603302,
  "agents": {
    "i9jXPdRYCJD0bvwL": {
      "name": "Random-clicker",
      "score_statistics": {
        "count": 10,
        "mean": 0.0,
        "median": 0.0,
        "min": 0.0,
        "max": 0.0,
        "stdev": 0.0
      },
      "avg_solution_time": 5.5289268493652345e-05,
      "avg_evaluation_time": 1.680289912223816,
      "tasks": {
        "7a9fd9b5-0923-4157-ad9f-a725bf1a4676": {
          "score": 0.0,
          "solution_time": 0.00022125244140625,
          "evaluation_time": 1.725684404373169
        },
        "de6a80dd-1d45-4218-856b-72690c0e6553": {
          "score": 0.0,
          "solution_time": 4.3392181396484375e-05,
          "evaluation_time": 1.2182762622833252
        },
        "ac15015c-4c9b-4249-a81e-eae94ffb6302": {
          "score": 0.0,
          "solution_time": 3.4332275390625e-05,
          "evaluation_time": 1.2276060581207275
        },
        "ac385532-9cbd-4ff1-95d4-ce57f01643fe": {
          "score": 0.0,
          "solution_time": 3.600120544433594e-05,
          "evaluation_time": 1.309295415878296
        },
        "09da8e82-eb34-4350-aec1-1bb7ef1e768e": {
          "score": 0.0,
          "solution_time": 3.314018249511719e-05,
          "evaluation_time": 1.2379851341247559
        },
        "4facc343-1b4d-4884-a90e-d00a3b397add": {
          "score": 0.0,
          "solution_time": 3.337860107421875e-05,
          "evaluation_time": 1.2033500671386719
        },
        "01e498a4-8a4b-41a1-ae63-49d9b8b9f157": {
          "score": 0.0,
          "solution_time": 3.24249267578125e-05,
          "evaluation_time": 1.2551379203796387
        },
        "f8c8072a-c2c6-4929-9343-c33442d54a7a": {
          "score": 0.0,
          "solution_time": 3.147125244140625e-05,
          "evaluation_time": 1.684175729751587
        },
        "96ac1089-18f9-4aa0-b704-034d61a29d1e": {
          "score": 0.0,
          "solution_time": 5.507469177246094e-05,
          "evaluation_time": 2.9624996185302734
        },
        "784e787b-a2ae-4c50-9b78-964a1954cd98": {
          "score": 0.0,
          "solution_time": 3.24249267578125e-05,
          "evaluation_time": 2.978888511657715
        }
      }
    },
    "T7YNHRL64ZfD4tzX": {
      "name": "browser-use",
      "score_statistics": {
        "count": 10,
        "mean": 0.6833333333333333,
        "median": 0.8333333333333333,
        "min": 0.0,
        "max": 1.0,
        "stdev": 0.40406881213262624
      },
      "avg_solution_time": 28.59802258014679,
      "avg_evaluation_time": 17.224248385429384,
      "tasks": {
        "7a9fd9b5-0923-4157-ad9f-a725bf1a4676": {
          "score": 1.0,
          "solution_time": 18.742375135421753,
          "evaluation_time": 7.147974252700806
        },
        "de6a80dd-1d45-4218-856b-72690c0e6553": {
          "score": 0.6666666666666666,
          "solution_time": 36.09952735900879,
          "evaluation_time": 25.000254154205322
        },
        "ac15015c-4c9b-4249-a81e-eae94ffb6302": {
          "score": 1.0,
          "solution_time": 27.420043230056763,
          "evaluation_time": 15.54981017112732
        },
        "ac385532-9cbd-4ff1-95d4-ce57f01643fe": {
          "score": 0.0,
          "solution_time": 5.965892791748047,
          "evaluation_time": 0.015509843826293945
        },
        "09da8e82-eb34-4350-aec1-1bb7ef1e768e": {
          "score": 1.0,
          "solution_time": 32.15138506889343,
          "evaluation_time": 31.03808307647705
        },
        "4facc343-1b4d-4884-a90e-d00a3b397add": {
          "score": 0.0,
          "solution_time": 53.819456577301025,
          "evaluation_time": 29.555581092834473
        },
        "01e498a4-8a4b-41a1-ae63-49d9b8b9f157": {
          "score": 0.6666666666666666,
          "solution_time": 45.55616021156311,
          "evaluation_time": 26.95062780380249
        },
        "f8c8072a-c2c6-4929-9343-c33442d54a7a": {
          "score": 0.5,
          "solution_time": 12.130172967910767,
          "evaluation_time": 7.046225070953369
        },
        "96ac1089-18f9-4aa0-b704-034d61a29d1e": {
          "score": 1.0,
          "solution_time": 15.98733925819397,
          "evaluation_time": 10.3996000289917
        },
        "784e787b-a2ae-4c50-9b78-964a1954cd98": {
          "score": 1.0,
          "solution_time": 38.10787320137024,
          "evaluation_time": 19.538818359375
        }
      }
    }
  }
}