{
  "timestamp": "2025-02-28T09:53:33.360088",
  "total_execution_time": 710.4604024887085,
  "agents": {
    "EjiZHajgRcA7pMGr": {
      "name": "Random-clicker",
      "score_statistics": {
        "count": 10,
        "mean": 0.0,
        "median": 0.0,
        "min": 0.0,
        "max": 0.0,
        "stdev": 0.0
      },
      "avg_solution_time": 8.912086486816407e-05,
      "avg_evaluation_time": 1.274247908592224,
      "tasks": {
        "e632ba0f-5a6f-43f7-8ba3-c8afd7f3ea87": {
          "score": 0.0,
          "solution_time": 0.00031113624572753906,
          "evaluation_time": 1.3060264587402344
        },
        "dc241725-4ef9-4068-b37e-9bc3a59c4501": {
          "score": 0.0,
          "solution_time": 7.2479248046875e-05,
          "evaluation_time": 1.282139778137207
        },
        "b8b681d1-2eb3-4019-a527-76d4a092864e": {
          "score": 0.0,
          "solution_time": 6.556510925292969e-05,
          "evaluation_time": 1.2622768878936768
        },
        "9c1038d5-1a95-4e01-b143-f9bc6a5852b2": {
          "score": 0.0,
          "solution_time": 6.29425048828125e-05,
          "evaluation_time": 1.2986457347869873
        },
        "b3006dd0-85d7-42c8-84bf-727326ee94d7": {
          "score": 0.0,
          "solution_time": 6.29425048828125e-05,
          "evaluation_time": 1.2517859935760498
        },
        "ad248e51-ea85-42fd-b2c9-bfb2665b42bb": {
          "score": 0.0,
          "solution_time": 5.4836273193359375e-05,
          "evaluation_time": 1.2871284484863281
        },
        "9d95ce6e-74bc-4ec0-aa72-3c5eb41221fb": {
          "score": 0.0,
          "solution_time": 5.507469177246094e-05,
          "evaluation_time": 1.2618029117584229
        },
        "fe2b5d16-4455-485b-9f79-ba1f44f327e7": {
          "score": 0.0,
          "solution_time": 7.486343383789062e-05,
          "evaluation_time": 1.2637858390808105
        },
        "70e82ed2-404f-47f2-a65d-0bfd8cced437": {
          "score": 0.0,
          "solution_time": 5.841255187988281e-05,
          "evaluation_time": 1.2474992275238037
        },
        "ab448643-7be1-408b-a5a5-c50d9fc676e8": {
          "score": 0.0,
          "solution_time": 7.295608520507812e-05,
          "evaluation_time": 1.2813878059387207
        }
      }
    },
    "SgSWVrpg4clyGEMB": {
      "name": "browser-use",
      "score_statistics": {
        "count": 10,
        "mean": 0.4,
        "median": 0.25,
        "min": 0.0,
        "max": 1.0,
        "stdev": 0.45946829173634074
      },
      "avg_solution_time": 36.795742702484134,
      "avg_evaluation_time": 6.979606509208679,
      "tasks": {
        "e632ba0f-5a6f-43f7-8ba3-c8afd7f3ea87": {
          "score": 0.0,
          "solution_time": 38.68477988243103,
          "evaluation_time": 6.241454124450684
        },
        "dc241725-4ef9-4068-b37e-9bc3a59c4501": {
          "score": 1.0,
          "solution_time": 68.33350491523743,
          "evaluation_time": 20.50735354423523
        },
        "b8b681d1-2eb3-4019-a527-76d4a092864e": {
          "score": 1.0,
          "solution_time": 37.52529740333557,
          "evaluation_time": 5.6707305908203125
        },
        "9c1038d5-1a95-4e01-b143-f9bc6a5852b2": {
          "score": 0.0,
          "solution_time": 62.84306716918945,
          "evaluation_time": 10.035285949707031
        },
        "b3006dd0-85d7-42c8-84bf-727326ee94d7": {
          "score": 0.5,
          "solution_time": 18.01870036125183,
          "evaluation_time": 2.9600512981414795
        },
        "ad248e51-ea85-42fd-b2c9-bfb2665b42bb": {
          "score": 0.0,
          "solution_time": 5.937586784362793,
          "evaluation_time": 0.008965015411376953
        },
        "9d95ce6e-74bc-4ec0-aa72-3c5eb41221fb": {
          "score": 0.0,
          "solution_time": 33.55921697616577,
          "evaluation_time": 6.763543128967285
        },
        "fe2b5d16-4455-485b-9f79-ba1f44f327e7": {
          "score": 0.0,
          "solution_time": 61.79348683357239,
          "evaluation_time": 9.568222999572754
        },
        "70e82ed2-404f-47f2-a65d-0bfd8cced437": {
          "score": 1.0,
          "solution_time": 10.157159805297852,
          "evaluation_time": 2.607044219970703
        },
        "ab448643-7be1-408b-a5a5-c50d9fc676e8": {
          "score": 0.5,
          "solution_time": 31.104626893997192,
          "evaluation_time": 5.4334142208099365
        }
      }
    }
  }
}