{
  "timestamp": "2025-03-01T11:28:04.880787",
  "total_execution_time": 877.6307232379913,
  "agents": {
    "46EfnRqF5PCiZ2I9": {
      "name": "Random-clicker",
      "score_statistics": {
        "count": 13,
        "mean": 0.0,
        "median": 0.0,
        "min": 0.0,
        "max": 0.0,
        "stdev": 0.0
      },
      "avg_solution_time": 0.00012663694528432994,
      "avg_evaluation_time": 1.1828409158266509,
      "tasks": {
        "c109cbdf-9b2d-4954-be3b-150f8df76fbd": {
          "score": 0.0,
          "solution_time": 0.0001647472381591797,
          "evaluation_time": 1.2391517162322998,
          "has_cached_solution": false
        },
        "949f220a-0d6b-4a91-963d-db523db1f5f1": {
          "score": 0.0,
          "solution_time": 0.00011610984802246094,
          "evaluation_time": 1.243499755859375,
          "has_cached_solution": false
        },
        "52928bde-b32c-42c9-ab57-e4998b086fbc": {
          "score": 0.0,
          "solution_time": 0.00010514259338378906,
          "evaluation_time": 1.1820697784423828,
          "has_cached_solution": false
        },
        "3c1f3f9f-18f3-45b4-9096-557188cba8cd": {
          "score": 0.0,
          "solution_time": 0.00010704994201660156,
          "evaluation_time": 1.143794298171997,
          "has_cached_solution": false
        },
        "90bfb6f9-6753-43b8-be1d-556dc86333f9": {
          "score": 0.0,
          "solution_time": 0.0001652240753173828,
          "evaluation_time": 1.1224689483642578,
          "has_cached_solution": false
        },
        "cbfa779f-afac-4604-b87c-d1b1f1cf6984": {
          "score": 0.0,
          "solution_time": 0.00011324882507324219,
          "evaluation_time": 1.1604208946228027,
          "has_cached_solution": false
        },
        "a7ec804f-c4f8-4ee4-a6b0-6ddda2ca00f0": {
          "score": 0.0,
          "solution_time": 0.00014972686767578125,
          "evaluation_time": 1.144963026046753,
          "has_cached_solution": false
        },
        "3d907536-9544-4759-9404-949e5a933387": {
          "score": 0.0,
          "solution_time": 0.00014591217041015625,
          "evaluation_time": 1.1779882907867432,
          "has_cached_solution": false
        },
        "be34c8a3-1372-40ad-838c-0e18cded7b73": {
          "score": 0.0,
          "solution_time": 0.00011014938354492188,
          "evaluation_time": 1.1553845405578613,
          "has_cached_solution": false
        },
        "6a178174-696e-401f-ae7e-4f41898cf9a3": {
          "score": 0.0,
          "solution_time": 0.00010633468627929688,
          "evaluation_time": 1.1832611560821533,
          "has_cached_solution": false
        },
        "8cc97274-e33f-40ae-93b6-667d966f6ede": {
          "score": 0.0,
          "solution_time": 0.00014448165893554688,
          "evaluation_time": 1.2574119567871094,
          "has_cached_solution": false
        },
        "1eb078a9-d657-4a5a-aef3-802791e32c95": {
          "score": 0.0,
          "solution_time": 0.0001125335693359375,
          "evaluation_time": 1.1911993026733398,
          "has_cached_solution": false
        },
        "e3f4ceab-7352-4737-a1f6-d7ee6e0811ea": {
          "score": 0.0,
          "solution_time": 0.00010561943054199219,
          "evaluation_time": 1.1753182411193848,
          "has_cached_solution": false
        }
      }
    },
    "3nxf5PH4OoAO8h7T": {
      "name": "browser-use",
      "score_statistics": {
        "count": 13,
        "mean": 0.6153846153846154,
        "median": 1.0,
        "min": 0.0,
        "max": 1.0,
        "stdev": 0.5063696835418333
      },
      "avg_solution_time": 36.118475932341354,
      "avg_evaluation_time": 4.331308016410241,
      "tasks": {
        "c109cbdf-9b2d-4954-be3b-150f8df76fbd": {
          "score": 0.0,
          "solution_time": 41.399961709976196,
          "evaluation_time": 5.96747088432312,
          "has_cached_solution": true
        },
        "949f220a-0d6b-4a91-963d-db523db1f5f1": {
          "score": 0.0,
          "solution_time": 120.96937417984009,
          "evaluation_time": 0.0018627643585205078,
          "has_cached_solution": true
        },
        "52928bde-b32c-42c9-ab57-e4998b086fbc": {
          "score": 1.0,
          "solution_time": 24.985767602920532,
          "evaluation_time": 3.228999376296997,
          "has_cached_solution": true
        },
        "3c1f3f9f-18f3-45b4-9096-557188cba8cd": {
          "score": 0.0,
          "solution_time": 13.051008224487305,
          "evaluation_time": 0.001791238784790039,
          "has_cached_solution": true
        },
        "90bfb6f9-6753-43b8-be1d-556dc86333f9": {
          "score": 0.0,
          "solution_time": 34.24029469490051,
          "evaluation_time": 4.444455146789551,
          "has_cached_solution": true
        },
        "cbfa779f-afac-4604-b87c-d1b1f1cf6984": {
          "score": 1.0,
          "solution_time": 12.37199354171753,
          "evaluation_time": 2.1499452590942383,
          "has_cached_solution": true
        },
        "a7ec804f-c4f8-4ee4-a6b0-6ddda2ca00f0": {
          "score": 0.0,
          "solution_time": 11.536693811416626,
          "evaluation_time": 0.0017282962799072266,
          "has_cached_solution": true
        },
        "3d907536-9544-4759-9404-949e5a933387": {
          "score": 1.0,
          "solution_time": 11.992164611816406,
          "evaluation_time": 2.2634329795837402,
          "has_cached_solution": true
        },
        "be34c8a3-1372-40ad-838c-0e18cded7b73": {
          "score": 1.0,
          "solution_time": 114.30141425132751,
          "evaluation_time": 25.103352785110474,
          "has_cached_solution": true
        },
        "6a178174-696e-401f-ae7e-4f41898cf9a3": {
          "score": 1.0,
          "solution_time": 19.0016667842865,
          "evaluation_time": 2.282632350921631,
          "has_cached_solution": true
        },
        "8cc97274-e33f-40ae-93b6-667d966f6ede": {
          "score": 1.0,
          "solution_time": 21.65578818321228,
          "evaluation_time": 3.326625108718872,
          "has_cached_solution": true
        },
        "1eb078a9-d657-4a5a-aef3-802791e32c95": {
          "score": 1.0,
          "solution_time": 32.12374138832092,
          "evaluation_time": 5.327228307723999,
          "has_cached_solution": true
        },
        "e3f4ceab-7352-4737-a1f6-d7ee6e0811ea": {
          "score": 1.0,
          "solution_time": 11.91031813621521,
          "evaluation_time": 2.20747971534729,
          "has_cached_solution": true
        }
      }
    }
  }
}