{
  "timestamp": "2025-02-28T13:00:11.783564",
  "total_execution_time": 30.73878836631775,
  "agents": {
    "H858OZYZWZNK1SRa": {
      "name": "Random-clicker",
      "score_statistics": {
        "count": 1,
        "mean": 0.0,
        "median": 0.0,
        "min": 0.0,
        "max": 0.0,
        "stdev": 0.0
      },
      "avg_solution_time": 0.00012826919555664062,
      "avg_evaluation_time": 1.2559998035430908,
      "tasks": {
        "b707dcad-f128-490d-bd72-a1d504555337": {
          "score": 0.0,
          "solution_time": 0.00012826919555664062,
          "evaluation_time": 1.2559998035430908,
          "has_cached_solution": false
        }
      }
    },
    "PbGOoDkdA8GVCnfF": {
      "name": "browser-use",
      "score_statistics": {
        "count": 1,
        "mean": 0.0,
        "median": 0.0,
        "min": 0.0,
        "max": 0.0,
        "stdev": 0.0
      },
      "avg_solution_time": 7.711354970932007,
      "avg_evaluation_time": 0.0014240741729736328,
      "tasks": {
        "b707dcad-f128-490d-bd72-a1d504555337": {
          "score": 0.0,
          "solution_time": 7.711354970932007,
          "evaluation_time": 0.0014240741729736328,
          "has_cached_solution": true
        }
      }
    }
  }
}