{
  "timestamp": "2025-02-28T09:36:57.395012",
  "total_execution_time": 572.1584572792053,
  "agents": {
    "NAflVs6DFMfhKdi5": {
      "name": "Random-clicker",
      "score_statistics": {
        "count": 10,
        "mean": 0.0,
        "median": 0.0,
        "min": 0.0,
        "max": 0.0,
        "stdev": 0.0
      },
      "avg_solution_time": 8.435249328613282e-05,
      "avg_evaluation_time": 1.2450507879257202,
      "tasks": {
        "78ebd7ca-658e-471d-ade9-08f2c0a1c88c": {
          "score": 0.0,
          "solution_time": 0.00028824806213378906,
          "evaluation_time": 1.246351718902588
        },
        "bf8e2e5c-4d39-46fc-a887-563720486dc9": {
          "score": 0.0,
          "solution_time": 7.534027099609375e-05,
          "evaluation_time": 1.2207839488983154
        },
        "8c07a5ed-850c-4e7b-922e-5a78c1d29b06": {
          "score": 0.0,
          "solution_time": 8.106231689453125e-05,
          "evaluation_time": 1.232945203781128
        },
        "940af348-5507-4829-a2b3-5e305f3bb33b": {
          "score": 0.0,
          "solution_time": 6.127357482910156e-05,
          "evaluation_time": 1.275625228881836
        },
        "bf4e8e23-fdba-4eb3-ae0b-dce71b5ed3b3": {
          "score": 0.0,
          "solution_time": 5.650520324707031e-05,
          "evaluation_time": 1.2567434310913086
        },
        "524fcd52-28e7-4c8f-8fa5-bf4a6fda951b": {
          "score": 0.0,
          "solution_time": 5.412101745605469e-05,
          "evaluation_time": 1.2683565616607666
        },
        "7cb4df9d-821e-4812-bc10-84af4ed9902f": {
          "score": 0.0,
          "solution_time": 5.555152893066406e-05,
          "evaluation_time": 1.2187144756317139
        },
        "460405a5-b8f9-4c92-a5be-e08ba5e0dc2f": {
          "score": 0.0,
          "solution_time": 5.5789947509765625e-05,
          "evaluation_time": 1.2457096576690674
        },
        "a6f1d1b3-5d9e-4633-ac98-76ab8d5d8bd0": {
          "score": 0.0,
          "solution_time": 6.031990051269531e-05,
          "evaluation_time": 1.2487115859985352
        },
        "ee78ab79-7e40-48f3-a775-8e7455f106bb": {
          "score": 0.0,
          "solution_time": 5.53131103515625e-05,
          "evaluation_time": 1.2365660667419434
        }
      }
    },
    "iofyKylZZDb0XdcU": {
      "name": "browser-use",
      "score_statistics": {
        "count": 10,
        "mean": 0.43333333333333335,
        "median": 0.16666666666666666,
        "min": 0.0,
        "max": 1.0,
        "stdev": 0.4981447060324421
      },
      "avg_solution_time": 46.16026439666748,
      "avg_evaluation_time": 6.0725064992904665,
      "tasks": {
        "78ebd7ca-658e-471d-ade9-08f2c0a1c88c": {
          "score": 0.0,
          "solution_time": 78.71081900596619,
          "evaluation_time": 9.271267414093018
        },
        "bf8e2e5c-4d39-46fc-a887-563720486dc9": {
          "score": 0.0,
          "solution_time": 100.97930979728699,
          "evaluation_time": 0.012907266616821289
        },
        "8c07a5ed-850c-4e7b-922e-5a78c1d29b06": {
          "score": 0.0,
          "solution_time": 56.35967040061951,
          "evaluation_time": 8.91173791885376
        },
        "940af348-5507-4829-a2b3-5e305f3bb33b": {
          "score": 1.0,
          "solution_time": 55.250256299972534,
          "evaluation_time": 18.90017819404602
        },
        "bf4e8e23-fdba-4eb3-ae0b-dce71b5ed3b3": {
          "score": 1.0,
          "solution_time": 11.812985181808472,
          "evaluation_time": 2.2019381523132324
        },
        "524fcd52-28e7-4c8f-8fa5-bf4a6fda951b": {
          "score": 1.0,
          "solution_time": 58.63172650337219,
          "evaluation_time": 7.756144046783447
        },
        "7cb4df9d-821e-4812-bc10-84af4ed9902f": {
          "score": 1.0,
          "solution_time": 12.941534757614136,
          "evaluation_time": 2.4411399364471436
        },
        "460405a5-b8f9-4c92-a5be-e08ba5e0dc2f": {
          "score": 0.0,
          "solution_time": 11.331126928329468,
          "evaluation_time": 0.013263702392578125
        },
        "a6f1d1b3-5d9e-4633-ac98-76ab8d5d8bd0": {
          "score": 0.0,
          "solution_time": 14.120319843292236,
          "evaluation_time": 2.421309232711792
        },
        "ee78ab79-7e40-48f3-a775-8e7455f106bb": {
          "score": 0.3333333333333333,
          "solution_time": 61.464895248413086,
          "evaluation_time": 8.79517912864685
        }
      }
    }
  }
}