{
  "timestamp": "2025-02-26T14:30:12.656034",
  "total_execution_time": 84.16647815704346,
  "agents": {
    "0OiPHIbxJHBDcXnV": {
      "name": "Random-clicker",
      "score_statistics": {
        "count": 1,
        "mean": 0.0,
        "median": 0.0,
        "min": 0.0,
        "max": 0.0,
        "stdev": 0.0
      },
      "avg_solution_time": 0.00011229515075683594,
      "avg_evaluation_time": 0.24851123332977296,
      "tasks": {
        "41b0f865-d1f1-47bb-8ab7-9572dea9ca4a": {
          "score": 0.0,
          "solution_time": 0.00011229515075683594,
          "evaluation_time": 0.24851123332977296
        }
      }
    },
    "i06w7j0PCVLcjz62": {
      "name": "browser-use",
      "score_statistics": {
        "count": 1,
        "mean": 1.0,
        "median": 1.0,
        "min": 1.0,
        "max": 1.0,
        "stdev": 0.0
      },
      "avg_solution_time": 44.88316631317139,
      "avg_evaluation_time": 0.5340150451660156,
      "tasks": {
        "41b0f865-d1f1-47bb-8ab7-9572dea9ca4a": {
          "score": 1.0,
          "solution_time": 44.88316631317139,
          "evaluation_time": 0.5340150451660156
        }
      }
    }
  }
}