{
  "timestamp": "2025-02-26T13:32:59.231067",
  "total_execution_time": 13.007980585098267,
  "agents": {
    "33qFjy0V67EFIQNF": {
      "name": "Random-clicker",
      "score_statistics": {
        "count": 1,
        "mean": 0.0,
        "median": 0.0,
        "min": 0.0,
        "max": 0.0,
        "stdev": 0.0
      },
      "avg_solution_time": 0.00010633468627929688,
      "avg_evaluation_time": 0.3266324043273926,
      "tasks": {
        "41b0f865-d1f1-47bb-8ab7-9572dea9ca4a": {
          "score": 0.0,
          "solution_time": 0.00010633468627929688,
          "evaluation_time": 0.3266324043273926
        }
      }
    },
    "IHguDLFRFedCkcsl": {
      "name": "browser-use",
      "score_statistics": {
        "count": 1,
        "mean": 0.0,
        "median": 0.0,
        "min": 0.0,
        "max": 0.0,
        "stdev": 0.0
      },
      "avg_solution_time": 9.78570294380188,
      "avg_evaluation_time": 0.2837830066680908,
      "tasks": {
        "41b0f865-d1f1-47bb-8ab7-9572dea9ca4a": {
          "score": 0.0,
          "solution_time": 9.78570294380188,
          "evaluation_time": 0.2837830066680908
        }
      }
    }
  }
}