{
  "timestamp": "2025-02-28T12:27:49.770527",
  "total_execution_time": 49.54235649108887,
  "agents": {
    "Q3FO6uNojCFUIsGF": {
      "name": "Random-clicker",
      "score_statistics": {
        "count": 1,
        "mean": 0.0,
        "median": 0.0,
        "min": 0.0,
        "max": 0.0,
        "stdev": 0.0
      },
      "avg_solution_time": 0.00012421607971191406,
      "avg_evaluation_time": 1.1900899410247803,
      "tasks": {
        "dadc45cd-353e-4a68-839f-6018fb95c3d2": {
          "score": 0.0,
          "solution_time": 0.00012421607971191406,
          "evaluation_time": 1.1900899410247803,
          "has_cached_solution": false
        }
      }
    },
    "jfftIqgLZg2Z6PC0": {
      "name": "browser-use",
      "score_statistics": {
        "count": 1,
        "mean": 1.0,
        "median": 1.0,
        "min": 1.0,
        "max": 1.0,
        "stdev": 0.0
      },
      "avg_solution_time": 41.26524353027344,
      "avg_evaluation_time": 6.910149335861206,
      "tasks": {
        "dadc45cd-353e-4a68-839f-6018fb95c3d2": {
          "score": 1.0,
          "solution_time": 41.26524353027344,
          "evaluation_time": 6.910149335861206,
          "has_cached_solution": true
        }
      }
    }
  }
}