{
  "timestamp": "2025-02-26T14:01:05.744431",
  "total_execution_time": 24.82521653175354,
  "agents": {
    "HChs85E7LiNlDjMT": {
      "name": "Random-clicker",
      "score_statistics": {
        "count": 1,
        "mean": 0.0,
        "median": 0.0,
        "min": 0.0,
        "max": 0.0,
        "stdev": 0.0
      },
      "avg_solution_time": 0.00028061866760253906,
      "avg_evaluation_time": 0.9620268821716309,
      "tasks": {
        "41b0f865-d1f1-47bb-8ab7-9572dea9ca4a": {
          "score": 0.0,
          "solution_time": 0.00028061866760253906,
          "evaluation_time": 0.9620268821716309
        }
      }
    },
    "MwcVXGNRnyBT7o4h": {
      "name": "browser-use",
      "score_statistics": {
        "count": 1,
        "mean": 0.0,
        "median": 0.0,
        "min": 0.0,
        "max": 0.0,
        "stdev": 0.0
      },
      "avg_solution_time": 11.721056461334229,
      "avg_evaluation_time": 1.616880750656128,
      "tasks": {
        "41b0f865-d1f1-47bb-8ab7-9572dea9ca4a": {
          "score": 0.0,
          "solution_time": 11.721056461334229,
          "evaluation_time": 1.616880750656128
        }
      }
    }
  }
}