{
  "timestamp": "2025-02-26T14:26:01.429381",
  "total_execution_time": 112.0713369846344,
  "agents": {
    "3wqzDUMCSsQjGH7r": {
      "name": "Random-clicker",
      "score_statistics": {
        "count": 1,
        "mean": 0.0,
        "median": 0.0,
        "min": 0.0,
        "max": 0.0,
        "stdev": 0.0
      },
      "avg_solution_time": 0.00010728836059570312,
      "avg_evaluation_time": 0.22075247764587402,
      "tasks": {
        "41b0f865-d1f1-47bb-8ab7-9572dea9ca4a": {
          "score": 0.0,
          "solution_time": 0.00010728836059570312,
          "evaluation_time": 0.22075247764587402
        }
      }
    },
    "W7k18rmUChE4PMn2": {
      "name": "browser-use",
      "score_statistics": {
        "count": 1,
        "mean": 0.0,
        "median": 0.0,
        "min": 0.0,
        "max": 0.0,
        "stdev": 0.0
      },
      "avg_solution_time": 100.82032108306885,
      "avg_evaluation_time": 0.000950627326965332,
      "tasks": {
        "41b0f865-d1f1-47bb-8ab7-9572dea9ca4a": {
          "score": 0.0,
          "solution_time": 100.82032108306885,
          "evaluation_time": 0.000950627326965332
        }
      }
    }
  }
}